adduct,category
2M+FA-H,ok
2M+K-2H,ok
2M+Na-2H,ok
2M-2H+Na,ok
2M-H,ok
3M-H,ok
4M-H,ok
M,ok
M+2H,dubious
M+3H,dubious
M+Br,ok
M+C,dubious
M+CH3COO,ok
M+CH3COOH-H,ok
M+Cl,ok
M+Cl-,ok
M+FA-,ok
M+FA-H,ok
M+H,dubious
M+HCOO,ok
M+Na-2H,ok
M+TFA-H,ok
M+acetate,ok
M+formate,ok
M-2H,dubious
M-2H],dubious
M-CO+H,dubious
M-H,ok
M-H+Cl],dubious
M-H-NH3,ok
M-H1,ok
M-H2O-H,isf
M-X,isf
Precursor ion scan,dubious
Unknown,dubious
[2M+FA-H]-,ok
[2M+K-2H]-,ok
[2M+Na-2H]-,ok
[2M-2H+Na]-,ok
[2M-H+2i]-,ok
[2M-H+4i]-,ok
[2M-H],ok
[2M-H]-,ok
[3M-H]-,ok
[Anion]-,dubious
[Cat-2H-C8H4O2]-,isf
[Cat-2H-C8H4O3]-,isf
[Cat-2H-C9H4O4]-,isf
[Cat-2H-H2]-,dubious
[Cat-2H]-,dubious
[M+3Na-6H]3-,dubious
[M+C2F3O2]-,dubious
[M+C2H3O2]-,dubious
[M+CH3COOH-H]-,ok
[M+CH3COO]-,ok
[M+CH3COO]-/[M-CH3]-,ok
[M+CHO2]-,ok
[M+COOH]-,dubious
[M+Cl],ok
[M+Cl]-,ok
[M+FA-H]-,ok
[M+FA]-,ok
[M+H-H2O]-,isf
[M+HAc-H]-,ok
[M+HCOOH-H],ok
[M+HCOOH-H]-,ok
[M+HCOO]-,ok
[M+Hac-H]-,ok
[M+Na+K-4H]2-,dubious
[M+OAc]-,ok
[M+OH]-,isf
[M+Oac]- ,ok
[M+formate]-,ok
[M+x]-,dubious
[M+z]-,dubious
[M-2H-H2O]2-,isf
[M-2H]-,dubious
[M-2H]2-,dubious
[M-3H]3-,dubious
[M-CH3-H]-,isf
[M-CH3]-,isf
[M-H+2i]-,ok
[M-H+CH3OH],ok
[M-H+HCOOH],ok
[M-H+HCOOH]-,ok
[M-H+NH3]-,ok
[M-H-2H2O]-,isf
[M-H-BrNO]-,isf
[M-H-C10H10N2O3]-,isf
[M-H-C10H10N2O]-,isf
[M-H-C10H10N2S]-,isf
[M-H-C10H10O3]-,isf
[M-H-C10H10O4]-,isf
[M-H-C10H10O5]-,isf
[M-H-C10H10O]-,isf
[M-H-C10H11F2NO2]-,isf
[M-H-C10H11NO2]-,isf
[M-H-C10H12O2]-,isf
[M-H-C10H12O3]-,isf
[M-H-C10H12O4]-,isf
[M-H-C10H12O6]-,isf
[M-H-C10H13O]-,isf
[M-H-C10H14O6]-,isf
[M-H-C10H14O]-,isf
[M-H-C10H15N3O6S]-,isf
[M-H-C10H15NO2]-,isf
[M-H-C10H16O2]-,isf
[M-H-C10H16O3]-,isf
[M-H-C10H16O4]-,isf
[M-H-C10H16O6]-,isf
[M-H-C10H16O7]-,isf
[M-H-C10H16O]-,isf
[M-H-C10H17N3O6S2]-,isf
[M-H-C10H18N2O5]-,isf
[M-H-C10H18O2]-,isf
[M-H-C10H18O9]-,isf
[M-H-C10H18O]-,isf
[M-H-C10H18]-,isf
[M-H-C10H20O]-,isf
[M-H-C10H6N2O3S]-,isf
[M-H-C10H6NO]-,isf
[M-H-C10H7NO2S]-,isf
[M-H-C10H7NO2]-,isf
[M-H-C10H7NO]-,isf
[M-H-C10H8N2OS+2i]-,isf
[M-H-C10H8N2O]-,isf
[M-H-C10H8O3]-,isf
[M-H-C10H8O4]-,isf
[M-H-C10H8O5]-,isf
[M-H-C10H8O]-,isf
[M-H-C10H9N4+2i]-,isf
[M-H-C10H9NO2]-,isf
[M-H-C10H9NO3]-,isf
[M-H-C10H9O2]-,isf
[M-H-C11H10N2O]-,isf
[M-H-C11H10O6]-,isf
[M-H-C11H11NO2]-,isf
[M-H-C11H11NO3]-,isf
[M-H-C11H12O2]-,isf
[M-H-C11H12O4]-,isf
[M-H-C11H13NO5]-,isf
[M-H-C11H13NO6S3]-,isf
[M-H-C11H13NO]-,isf
[M-H-C11H14N4O3S]-,isf
[M-H-C11H14O3]-,isf
[M-H-C11H14O4]-,isf
[M-H-C11H14O6]-,isf
[M-H-C11H14O7]-,isf
[M-H-C11H14O]-,isf
[M-H-C11H15NO6]-,isf
[M-H-C11H16O8]-,isf
[M-H-C11H16O]-,isf
[M-H-C11H17ClO2]-,isf
[M-H-C11H18O2]-,isf
[M-H-C11H18O3]-,isf
[M-H-C11H18O9]-,isf
[M-H-C11H19N4]-,isf
[M-H-C11H20O7]-,isf
[M-H-C11H7NO3]-,isf
[M-H-C11H7NO]-,isf
[M-H-C11H9NO]-,isf
[M-H-C12H10FNO3]-,isf
[M-H-C12H10N2O3]-,isf
[M-H-C12H10O6]-,isf
[M-H-C12H10O]-,isf
[M-H-C12H11F2NO3]-,isf
[M-H-C12H11NO3]-,isf
[M-H-C12H11NO4]-,isf
[M-H-C12H12O2]-,isf
[M-H-C12H12O3]-,isf
[M-H-C12H14N2O2]-,isf
[M-H-C12H14N3O]-,isf
[M-H-C12H14O3]-,isf
[M-H-C12H14O6]-,isf
[M-H-C12H15NO2]-,isf
[M-H-C12H16N2O]-,isf
[M-H-C12H17ClO2]-,isf
[M-H-C12H17O3]-,isf
[M-H-C12H18N2O5]-,isf
[M-H-C12H18O4]-,isf
[M-H-C12H18O8]-,isf
[M-H-C12H18O9]-,isf
[M-H-C12H20O10]-,isf
[M-H-C12H20O9]-,isf
[M-H-C12H22N2O]-,isf
[M-H-C12H26O7]-,isf
[M-H-C12H7NO3]-,isf
[M-H-C13H10N2O2]-,isf
[M-H-C13H12O]-,isf
[M-H-C13H13N3O3S]-,isf
[M-H-C13H13NO4]-,isf
[M-H-C13H14N2O4]-,isf
[M-H-C13H14O3]-,isf
[M-H-C13H14O9]-,isf
[M-H-C13H15NO3]-,isf
[M-H-C13H16O3]-,isf
[M-H-C13H16O6]-,isf
[M-H-C13H16O7]-,isf
[M-H-C13H16O]-,isf
[M-H-C13H17NO]-,isf
[M-H-C13H17O3]-,isf
[M-H-C13H18O9]-,isf
[M-H-C13H22O10]-,isf
[M-H-C13H7NO5]-,isf
[M-H-C13H9NO]-,isf
[M-H-C14H10N4]-,isf
[M-H-C14H10O]-,isf
[M-H-C14H12NO]-,isf
[M-H-C14H12O3]-,isf
[M-H-C14H12O8]-,isf
[M-H-C14H12O]-,isf
[M-H-C14H13ClO2]-,isf
[M-H-C14H15NO5]-,isf
[M-H-C14H16N2O2]-,isf
[M-H-C14H16O2]-,isf
[M-H-C14H17O3]-,isf
[M-H-C14H18Cl2N2]-,isf
[M-H-C14H18N2O]-,isf
[M-H-C14H18O4]-,isf
[M-H-C14H22O11]-,isf
[M-H-C14H22O6]-,isf
[M-H-C14H24O]-,isf
[M-H-C14H25NO11]-,isf
[M-H-C14H29NO]-,isf
[M-H-C15H10O2]-,isf
[M-H-C15H12O3]-,isf
[M-H-C15H12O5]-,isf
[M-H-C15H12O6]-,isf
[M-H-C15H16O7]-,isf
[M-H-C15H20O5]-,isf
[M-H-C15H20O8]-,isf
[M-H-C15H20O9]-,isf
[M-H-C15H22O4]-,isf
[M-H-C15H22O5]-,isf
[M-H-C15H22O9]-,isf
[M-H-C15H24O2]-,isf
[M-H-C15H24O]-,isf
[M-H-C15H29O6P]-,isf
[M-H-C15H35O4P]-,isf
[M-H-C16H14O3]-,isf
[M-H-C16H15NO2]-,isf
[M-H-C16H15NO]-,isf
[M-H-C16H16O8]-,isf
[M-H-C16H18N2O]-,isf
[M-H-C16H20O10]-,isf
[M-H-C16H20O11]-,isf
[M-H-C16H22O10]-,isf
[M-H-C16H24O7]-,isf
[M-H-C16H25NO3]-,isf
[M-H-C16H25O2]-,isf
[M-H-C16H26O11]-,isf
[M-H-C16H28O10]-,isf
[M-H-C16H28O11]-,isf
[M-H-C17H15NO4]-,isf
[M-H-C17H18O9]-,isf
[M-H-C17H19NO3]-,isf
[M-H-C17H20O2]-,isf
[M-H-C17H20O3]-,isf
[M-H-C17H22O2]-,isf
[M-H-C17H24O9]-,isf
[M-H-C17H27NO4]-,isf
[M-H-C17H34NO6P]-,isf
[M-H-C18H12O6]-,isf
[M-H-C18H20O10]-,isf
[M-H-C18H28O]-,isf
[M-H-C18H30O14]-,isf
[M-H-C18H32O]-,isf
[M-H-C18H34O2]-,isf
[M-H-C18H35O8P]-,isf
[M-H-C19H22O8]-,isf
[M-H-C19H28O5]-,isf
[M-H-C20H18O6]-,isf
[M-H-C20H28O3]-,isf
[M-H-C20H35NO15]-,isf
[M-H-C21H32SO3]-,isf
[M-H-C21H38O4]-,isf
[M-H-C22H22O8]-,isf
[M-H-C23H34N2O5]-,isf
[M-H-C24H26N2O3]-,isf
[M-H-C26H23NO3S]-,isf
[M-H-C27H43O5]-,isf
[M-H-C2F2O2]-,isf
[M-H-C2F2O3]-,isf
[M-H-C2H2N4]-,isf
[M-H-C2H2O2+2i]-,isf
[M-H-C2H2O2]-,isf
[M-H-C2H2O3]-,isf
[M-H-C2H2O]-,isf
[M-H-C2H2SO2]-,isf
[M-H-C2H2SO]-,isf
[M-H-C2H3FO]-,isf
[M-H-C2H3N3]-,isf
[M-H-C2H3NO2S]-,isf
[M-H-C2H3NO2]-,isf
[M-H-C2H3NO]-,isf
[M-H-C2H3N]-,isf
[M-H-C2H3O2]-,isf
[M-H-C2H3O]-,isf
[M-H-C2H4N2]-,isf
[M-H-C2H4O2]-,isf
[M-H-C2H4O3]-,isf
[M-H-C2H4O4]-,isf
[M-H-C2H4O]-,isf
[M-H-C2H4SO2]-,isf
[M-H-C2H4SO4]-,isf
[M-H-C2H4SO]-,isf
[M-H-C2H4S]-,isf
[M-H-C2H4]-,isf
[M-H-C2H5NO]-,isf
[M-H-C2H5N]-,isf
[M-H-C2H5]-,isf
[M-H-C2H6O2]-,isf
[M-H-C2H6O3]-,isf
[M-H-C2H6O4]-,isf
[M-H-C2H6O]-,isf
[M-H-C2H6]-,isf
[M-H-C2H7NO]-,isf
[M-H-C2H7N]-,isf
[M-H-C2H8O3]-,isf
[M-H-C2H9NO3S]-,isf
[M-H-C2HF3O2]-,isf
[M-H-C2HNO2]-,isf
[M-H-C2O2]-,isf
[M-H-C2O3]-,isf
[M-H-C2O4]-,isf
[M-H-C30H46O4]-,isf
[M-H-C32H50O10]-,isf
[M-H-C35H68O5]-,isf
[M-H-C3H10O]-,isf
[M-H-C3H2N2O3]-,isf
[M-H-C3H2O2]-,isf
[M-H-C3H2O3]-,isf
[M-H-C3H3NO2]-,isf
[M-H-C3H4N2]-,isf
[M-H-C3H4O2]-,isf
[M-H-C3H4O3]-,isf
[M-H-C3H4O5]-,isf
[M-H-C3H4O]-,isf
[M-H-C3H4SO]-,isf
[M-H-C3H5NO2]-,isf
[M-H-C3H5NO3]-,isf
[M-H-C3H5NO]-,isf
[M-H-C3H5NS]-,isf
[M-H-C3H5N]-,isf
[M-H-C3H5O2]-,isf
[M-H-C3H5O5]-,isf
[M-H-C3H5O]-,isf
[M-H-C3H5]-,isf
[M-H-C3H6N4O2]-,isf
[M-H-C3H6NO]-,isf
[M-H-C3H6O2]-,isf
[M-H-C3H6O3]-,isf
[M-H-C3H6O4]-,isf
[M-H-C3H6O]-,isf
[M-H-C3H6SO2]-,isf
[M-H-C3H6SO3]-,isf
[M-H-C3H6]-,isf
[M-H-C3H7NO2S2]-,isf
[M-H-C3H7NO2S]-,isf
[M-H-C3H7NO2]-,isf
[M-H-C3H7N]-,isf
[M-H-C3H7O4P]-,isf
[M-H-C3H7]-,isf
[M-H-C3H8O2]-,isf
[M-H-C3H8O3]-,isf
[M-H-C3H8O4]-,isf
[M-H-C3H8O]-,isf
[M-H-C3H8SO3]-,isf
[M-H-C3N2O2]-,isf
[M-H-C3O2]-,isf
[M-H-C3O3]-,isf
[M-H-C4H10N]-,isf
[M-H-C4H10O5]-,isf
[M-H-C4H10O]-,isf
[M-H-C4H10SO3]-,isf
[M-H-C4H10]-,isf
[M-H-C4H2O3]-,isf
[M-H-C4H3N3]-,isf
[M-H-C4H3NO5]-,isf
[M-H-C4H4N2O2]-,isf
[M-H-C4H4N4]-,isf
[M-H-C4H4O2]-,isf
[M-H-C4H4O3]-,isf
[M-H-C4H4O4]-,isf
[M-H-C4H4O5]-,isf
[M-H-C4H4O]-,isf
[M-H-C4H4S]-,isf
[M-H-C4H5N3O2]-,isf
[M-H-C4H5N3O]-,isf
[M-H-C4H5N3S]-,isf
[M-H-C4H5NO2]-,isf
[M-H-C4H5NO3]-,isf
[M-H-C4H5NO]-,isf
[M-H-C4H5O2]-,isf
[M-H-C4H6N2O2]-,isf
[M-H-C4H6N2O]-,isf
[M-H-C4H6O2]-,isf
[M-H-C4H6O3]-,isf
[M-H-C4H6O4]-,isf
[M-H-C4H6O]-,isf
[M-H-C4H7N3O]-,isf
[M-H-C4H7NO2]-,isf
[M-H-C4H7NO]-,isf
[M-H-C4H7NS]-,isf
[M-H-C4H7N]-,isf
[M-H-C4H8N2]-,isf
[M-H-C4H8O2]-,isf
[M-H-C4H8O3]-,isf
[M-H-C4H8O4]-,isf
[M-H-C4H8O6]-,isf
[M-H-C4H8O]-,isf
[M-H-C4H8SO2]-,isf
[M-H-C4H8]-,isf
[M-H-C4H9NO3]-,isf
[M-H-C4H9O]-,isf
[M-H-C4H9]-,isf
[M-H-C4HNO3]-,isf
[M-H-C5H10F]-,isf
[M-H-C5H10N2O]-,isf
[M-H-C5H10O2]-,isf
[M-H-C5H10O5]-,isf
[M-H-C5H10O]-,isf
[M-H-C5H10]-,isf
[M-H-C5H11NO2]-,isf
[M-H-C5H11NO3S]-,isf
[M-H-C5H11]-,isf
[M-H-C5H12O6]-,isf
[M-H-C5H12S]-,isf
[M-H-C5H3NS]-,isf
[M-H-C5H4N4O2]-,isf
[M-H-C5H4O3]-,isf
[M-H-C5H4O]-,isf
[M-H-C5H5N5O]-,isf
[M-H-C5H5N5]-,isf
[M-H-C5H5NO2S]-,isf
[M-H-C5H5NO2]-,isf
[M-H-C5H5NOS]-,isf
[M-H-C5H5NS]-,isf
[M-H-C5H5N]-,isf
[M-H-C5H5S]-,isf
[M-H-C5H6ClNO3]-,isf
[M-H-C5H6F3NO3S2]-,isf
[M-H-C5H6N2]-,isf
[M-H-C5H6O3]-,isf
[M-H-C5H6O4]-,isf
[M-H-C5H6O6]-,isf
[M-H-C5H7FO3]-,isf
[M-H-C5H7NO2]-,isf
[M-H-C5H7NO3]-,isf
[M-H-C5H7NS]-,isf
[M-H-C5H7O5PS+2i]-,isf
[M-H-C5H7O5PS]-,isf
[M-H-C5H7O6P+2i]-,isf
[M-H-C5H7O6P]-,isf
[M-H-C5H8N4O2]-,isf
[M-H-C5H8N4]-,isf
[M-H-C5H8O2]-,isf
[M-H-C5H8O4]-,isf
[M-H-C5H8O]-,isf
[M-H-C5H8]-,isf
[M-H-C5H9NOS]-,isf
[M-H-C5H9NO]-,isf
[M-H-C5H9O2]-,isf
[M-H-C5H9]-,isf
[M-H-C6H10O2]-,isf
[M-H-C6H10O3]-,isf
[M-H-C6H10O4]-,isf
[M-H-C6H10O5]-,isf
[M-H-C6H10O7]-,isf
[M-H-C6H10O]-,isf
[M-H-C6H10SO3]-,isf
[M-H-C6H10SO4]-,isf
[M-H-C6H11NOS2]-,isf
[M-H-C6H11NO]-,isf
[M-H-C6H11O7P]-,isf
[M-H-C6H11O]-,isf
[M-H-C6H11]-,isf
[M-H-C6H12NO]-,isf
[M-H-C6H12O2]-,isf
[M-H-C6H12O5]-,isf
[M-H-C6H12O6]-,isf
[M-H-C6H12]-,isf
[M-H-C6H13NO2]-,isf
[M-H-C6H13N]-,isf
[M-H-C6H14N2O2S]-,isf
[M-H-C6H14N]-,isf
[M-H-C6H14O2]-,isf
[M-H-C6H14O7]-,isf
[M-H-C6H15NO2]-,isf
[M-H-C6H2Cl2O2S]-,isf
[M-H-C6H2Cl2OS]-,isf
[M-H-C6H3N3O3]-,isf
[M-H-C6H4Cl2]-,isf
[M-H-C6H4ClNO]-,isf
[M-H-C6H4NO5P]-,isf
[M-H-C6H4O2]-,isf
[M-H-C6H4O3]-,isf
[M-H-C6H4O]-,isf
[M-H-C6H4SO]-,isf
[M-H-C6H4]-,isf
[M-H-C6H5F2N]-,isf
[M-H-C6H5F]-,isf
[M-H-C6H5N3O5S]-,isf
[M-H-C6H5NO2]-,isf
[M-H-C6H5NO4S]-,isf
[M-H-C6H5]-,isf
[M-H-C6H6FN]-,isf
[M-H-C6H6N2O2]-,isf
[M-H-C6H6O2]-,isf
[M-H-C6H6O3]-,isf
[M-H-C6H6O6]-,isf
[M-H-C6H6O]-,isf
[M-H-C6H6SO2]-,isf
[M-H-C6H6]-,isf
[M-H-C6H7N3]-,isf
[M-H-C6H7N5]-,isf
[M-H-C6H7NO2S]-,isf
[M-H-C6H7NO3]-,isf
[M-H-C6H7NO5]-,isf
[M-H-C6H7N]-,isf
[M-H-C6H8N2O2]-,isf
[M-H-C6H8O4]-,isf
[M-H-C6H8O6]-,isf
[M-H-C6H9NO]-,isf
[M-H-C6H9O9P]-,isf
[M-H-C7H10O5]-,isf
[M-H-C7H10O6]-,isf
[M-H-C7H10O7]-,isf
[M-H-C7H10O]-,isf
[M-H-C7H10]-,isf
[M-H-C7H12O2]-,isf
[M-H-C7H12O6]-,isf
[M-H-C7H12O8]-,isf
[M-H-C7H13NO2]-,isf
[M-H-C7H13NO]-,isf
[M-H-C7H14NOS]-,isf
[M-H-C7H14O5]-,isf
[M-H-C7H14O]-,isf
[M-H-C7H15O6]-,isf
[M-H-C7H4ClNO]-,isf
[M-H-C7H4N2O2]-,isf
[M-H-C7H4O2]-,isf
[M-H-C7H4O3]-,isf
[M-H-C7H4O4]-,isf
[M-H-C7H4SO3]-,isf
[M-H-C7H5ClF3N]-,isf
[M-H-C7H5FO]-,isf
[M-H-C7H5N3O]-,isf
[M-H-C7H5NO3]-,isf
[M-H-C7H5NO]-,isf
[M-H-C7H5N]-,isf
[M-H-C7H5O]-,isf
[M-H-C7H6Cl2N]-,isf
[M-H-C7H6Cl]-,isf
[M-H-C7H6F]-,isf
[M-H-C7H6N2S]-,isf
[M-H-C7H6O2]-,isf
[M-H-C7H6O3]-,isf
[M-H-C7H6O8]-,isf
[M-H-C7H6O]-,isf
[M-H-C7H7N3O]-,isf
[M-H-C7H7N3]-,isf
[M-H-C7H7NO2]-,isf
[M-H-C7H7NO]-,isf
[M-H-C7H7]-,isf
[M-H-C7H8ClN]-,isf
[M-H-C7H8N2O2]-,isf
[M-H-C7H8N2O]-,isf
[M-H-C7H8O2]-,isf
[M-H-C7H8O3]-,isf
[M-H-C7H8O4]-,isf
[M-H-C7H8O7]-,isf
[M-H-C7H8O]-,isf
[M-H-C7H8S]-,isf
[M-H-C7H9N]-,isf
[M-H-C8H10ClNO2S]-,isf
[M-H-C8H10O2]-,isf
[M-H-C8H10O3]-,isf
[M-H-C8H10O9]-,isf
[M-H-C8H10O]-,isf
[M-H-C8H11NO]-,isf
[M-H-C8H12O4]-,isf
[M-H-C8H13NO5]-,isf
[M-H-C8H13N]-,isf
[M-H-C8H14O]-,isf
[M-H-C8H15NO]-,isf
[M-H-C8H15N]-,isf
[M-H-C8H16O2]-,isf
[M-H-C8H16O8]-,isf
[M-H-C8H16O9]-,isf
[M-H-C8H16O]-,isf
[M-H-C8H16]-,isf
[M-H-C8H18O2]-,isf
[M-H-C8H18O7]-,isf
[M-H-C8H18S]-,isf
[M-H-C8H20O2]-,isf
[M-H-C8H20O5]-,isf
[M-H-C8H4Cl2N2O]-,isf
[M-H-C8H4N2O]-,isf
[M-H-C8H4O3]-,isf
[M-H-C8H5FO2]-,isf
[M-H-C8H5NO2]-,isf
[M-H-C8H6Cl2O]-,isf
[M-H-C8H6ClNO]-,isf
[M-H-C8H6N2O2]-,isf
[M-H-C8H6N2]-,isf
[M-H-C8H6O2]-,isf
[M-H-C8H6O3]-,isf
[M-H-C8H6O4]-,isf
[M-H-C8H6O]-,isf
[M-H-C8H6SO2]-,isf
[M-H-C8H6SO]-,isf
[M-H-C8H6S]-,isf
[M-H-C8H7BrS]-,isf
[M-H-C8H7ClN2O2S]-,isf
[M-H-C8H7ClO2]-,isf
[M-H-C8H7ClO]-,isf
[M-H-C8H7N3O]-,isf
[M-H-C8H7NO]-,isf
[M-H-C8H7NS]-,isf
[M-H-C8H7N]-,isf
[M-H-C8H7O2]-,isf
[M-H-C8H8N2O2]-,isf
[M-H-C8H8N2O]-,isf
[M-H-C8H8O2]-,isf
[M-H-C8H8O3]-,isf
[M-H-C8H8O4]-,isf
[M-H-C8H8O]-,isf
[M-H-C8H8]-,isf
[M-H-C8H9ClO]-,isf
[M-H-C8H9N3O3]-,isf
[M-H-C8H9N]-,isf
[M-H-C8H9]-,isf
[M-H-C9H10N2O]-,isf
[M-H-C9H10NO2S]-,isf
[M-H-C9H10O2]-,isf
[M-H-C9H10O3]-,isf
[M-H-C9H10O4]-,isf
[M-H-C9H10O5]-,isf
[M-H-C9H11NO2]-,isf
[M-H-C9H11NO3]-,isf
[M-H-C9H11]-,isf
[M-H-C9H12O2]-,isf
[M-H-C9H12O4]-,isf
[M-H-C9H12O7]-,isf
[M-H-C9H13FN2O2]-,isf
[M-H-C9H13N3S]-,isf
[M-H-C9H14O2]-,isf
[M-H-C9H14O8]-,isf
[M-H-C9H15NO3S2]-,isf
[M-H-C9H15NO5S]-,isf
[M-H-C9H16F2O4]-,isf
[M-H-C9H16]-,isf
[M-H-C9H6O2]-,isf
[M-H-C9H6O3]-,isf
[M-H-C9H7FO2]-,isf
[M-H-C9H7N3S]-,isf
[M-H-C9H7NO2]-,isf
[M-H-C9H7NO4]-,isf
[M-H-C9H7NO5S]-,isf
[M-H-C9H7N]-,isf
[M-H-C9H8N2O4]-,isf
[M-H-C9H8N]-,isf
[M-H-C9H8O3]-,isf
[M-H-C9H8O4]-,isf
[M-H-C9H8O5]-,isf
[M-H-C9H9NO2]-,isf
[M-H-C9H9NO]-,isf
[M-H-C9H9O]-,isf
[M-H-CF2O]-,isf
[M-H-CF2]-,isf
[M-H-CF3]-,isf
[M-H-CH2F2O2]-,isf
[M-H-CH2N2O]-,isf
[M-H-CH2N2]-,isf
[M-H-CH2O2]-,isf
[M-H-CH2O3]-,isf
[M-H-CH2O]-,isf
[M-H-CH2SO2]-,isf
[M-H-CH2SO5]-,isf
[M-H-CH2S]-,isf
[M-H-CH3N3]-,isf
[M-H-CH3NO2]-,isf
[M-H-CH3NOS]-,isf
[M-H-CH3NO]-,isf
[M-H-CH3N]-,isf
[M-H-CH3O3P]-,isf
[M-H-CH3O4]-,isf
[M-H-CH3SO2]-,isf
[M-H-CH3]-,isf
[M-H-CH4O2]-,isf
[M-H-CH4O4]-,isf
[M-H-CH4O]-,isf
[M-H-CH4SO3]-,isf
[M-H-CH4S]-,isf
[M-H-CH4]-,isf
[M-H-CH5N]-,isf
[M-H-CH6O2]-,isf
[M-H-CH6O3]-,isf
[M-H-CH6SO]-,isf
[M-H-CHBrO2]-,isf
[M-H-CHClO2]-,isf
[M-H-CHF3]-,isf
[M-H-CHFO2]-,isf
[M-H-CHFO]-,isf
[M-H-CHN3]-,isf
[M-H-CHNO]-,isf
[M-H-CHNS2]-,isf
[M-H-CN2O2]-,isf
[M-H-CN2O]-,isf
[M-H-CNO3]-,isf
[M-H-CO2+2i]-,isf
[M-H-CO2+4i]-,isf
[M-H-CO2]-,isf
[M-H-CO]-,isf
[M-H-CSO3]-,isf
[M-H-CSO4]-,isf
[M-H-CSO]-,isf
[M-H-H2Cl2]-,isf
[M-H-H2ClF]-,isf
[M-H-H2F2]-,isf
[M-H-H2N2O2]-,isf
[M-H-H2O],isf
[M-H-H2O]-,isf
[M-H-H2SO3]-,isf
[M-H-H2S]-,isf
[M-H-H2]-,isf
[M-H-H3F3]-,isf
[M-H-H3NO]-,isf
[M-H-H3PO4]-,isf
[M-H-H4O]-,isf
[M-H-H4SO]-,isf
[M-H-HAsO2]-,isf
[M-H-HBr]-,isf
[M-H-HCN]-,isf
[M-H-HCl]-,isf
[M-H-HF]-,isf
[M-H-HNO2]-,isf
[M-H-HNO3]-,isf
[M-H-HO2PS]-,isf
[M-H-HPO3]-,isf
[M-H-N2H4]-,isf
[M-H-N2O3]-,isf
[M-H-N2]-,isf
[M-H-N3H]-,isf
[M-H-NH2+2i]-,isf
[M-H-NH2]-,isf
[M-H-NH3]-,isf
[M-H-NO3S]-,isf
[M-H-NO4S]-,isf
[M-H-NO]-,isf
[M-H-O]-,isf
[M-H-S2]-,isf
[M-H-SO2]-,isf
[M-H-SO3]-,isf
[M-H-S]-,isf
[M-H20-H]-,isf
[M-H2O-H]-,isf
[M-H],ok
[M-H]-,ok
[M-PO3H2-H]-,isf
[M=x]-,isf
[M]-,ok
in source,isf
