wiki_id,name,adduct,confidence,entropy_sim,sim_gap,signed_delta_rt,spectral_entropy,reason
aPUDE1U/2265,"3,5-dihydroxydecanoic acid",[M-H]-,0.016,0.465,0.034,22.1,1.95,RT off (+22s); weak spectral match (0.46)
aPUDE1U/795,panosialin A,[M-H]-,0.021,0.52,0.0,-32.5,0.96,RT off (-32s); near-tie (gap=0.000); weak spectral match (0.52)
aPUDE1U/3281,N-acetylcysteine,[M-H]-,0.033,0.644,0.029,65.1,1.42,RT off (+65s); near-tie (gap=0.029)
aPUDE1U/2492,oxalic acid,[M-H]-,0.042,0.506,0.506,-34.4,0.21,RT off (-34s); weak spectral match (0.51); very few peaks (entropy=0.21)
aEKJ9AS/10318,hemin Fe-cation,[M]+,0.053,0.743,0.034,-51.0,2.62,RT off (-51s)
aEKJ9AS/2911,Taurine,[M+H]+,0.053,0.401,0.036,-16.8,0.93,RT off (-17s); weak spectral match (0.40)
aPUDE1U/1612,uric acid,[2M-2H+Na]-,0.056,0.475,0.367,-20.5,0.97,RT off (-20s); weak spectral match (0.48)
aEKJ9AS/12063,cyclomethyltryptophan,[M+H]+,0.058,0.653,0.096,-42.4,1.84,RT off (-42s)
aPUDE1U/454,glycolic acid,[M-H]-,0.06,0.481,0.481,-20.4,1.09,RT off (-20s); weak spectral match (0.48)
aEKJ9AS/10316,hemin Fe-cation a,[M]+,0.061,0.742,0.032,-44.8,2.54,RT off (-45s)
aPUDE1U/2160,C10-LAS,[M-H]-,0.062,0.748,0.029,-48.6,1.32,RT off (-49s); near-tie (gap=0.029)
aPUDE1U/935,N-acetylleucine,[M-H]-,0.063,0.72,0.0,-45.7,1.23,RT off (-46s); near-tie (gap=0.000)
aPUDE1U/1610,"cinnamic acid, glycosyl-",[M-H-C6H10O5]-,0.065,0.847,0.064,75.3,0.47,RT off (+75s); very few peaks (entropy=0.47)
aEKJ9AS/11142,putatitive 1-(4-methylpiperazin-1-yl)propan-2-yl 4-ethoxybenzoate,[M+H-C9H10O3]+,0.067,0.734,0.157,-51.9,1.64,RT off (-52s)
aPUDE1U/1373,Lauric acid,[M-H]-,0.068,0.168,0.005,13.4,1.82,near-tie (gap=0.005); weak spectral match (0.17)
aPUDE1U/3460,PC 18:0_20:4 a,[M+FA-H]-,0.075,0.527,0.183,18.5,1.94,RT off (+18s); weak spectral match (0.53)
aEKJ9AS/4675,quinaprilat,[M+H]+,0.076,0.913,0.044,-54.9,2.12,RT off (-55s)
aPUDE1U/459,3-hydroxycaproic acid,[M-H]-,0.078,0.594,0.0,27.0,1.19,RT off (+27s); near-tie (gap=0.000); weak spectral match (0.59)
aPUDE1U/1835,2-(2-methoxyethoxy)propanoic acid,[M-H]-,0.079,0.546,0.137,21.7,1.69,RT off (+22s); weak spectral match (0.55)
aPUDE1U/2611,6-amino-4-hydroxy-2-naphthalenesulfonic acid,[M-H]-,0.082,0.713,0.014,37.2,1.04,RT off (+37s); near-tie (gap=0.014)
aPUDE1U/2517,5-fluoro-1H-indazole-3-carboxylic acid,[M+Cl]-,0.084,0.67,0.055,36.1,0.43,RT off (+36s); very few peaks (entropy=0.43)
aPUDE1U/2802,mianserin 2-Oxide,[M-H]-,0.086,0.525,0.139,18.8,2.6,RT off (+19s); weak spectral match (0.52)
aPUDE1U/1344,indoleacrylic acid,[M-H]-,0.087,0.669,0.0,-31.0,0.97,RT off (-31s); near-tie (gap=0.000)
aPUDE1U/1345,3-formyl-2-hydroxybenzoic acid,[M-H]-,0.088,0.878,0.018,-44.3,0.58,RT off (-44s); near-tie (gap=0.018)
aPUDE1U/1776,deoxycholic acid 3-sulfate,[M-H]-,0.089,0.845,0.107,49.2,0.28,RT off (+49s); very few peaks (entropy=0.28)
aPUDE1U/2244,phosphoenolpyruvic acid,[M-H]-,0.091,0.832,0.0,-38.8,0.22,RT off (-39s); near-tie (gap=0.000); very few peaks (entropy=0.22)
aPUDE1U/1343,zingerone,[M-H]-,0.091,0.558,0.074,23.6,2.02,RT off (+24s); weak spectral match (0.56)
aPUDE1U/2643,6-bromoindole-3-carboxaldehyde,[M-H]-,0.091,0.826,0.001,45.5,1.12,RT off (+46s); near-tie (gap=0.001)
aEKJ9AS/11294,morphine-3-glucuronide,[M+H]+,0.091,0.941,0.066,-49.5,2.06,RT off (-50s)
aPUDE1U/1558,N-acetylglutamine,[M-H]-,0.093,0.852,0.005,-42.2,2.5,RT off (-42s); near-tie (gap=0.005)
aPUDE1U/3119,chloramphenicol,[M-H]-,0.093,0.75,0.117,39.2,1.87,RT off (+39s)
aEKJ9AS/3028,2-methyl-3-pyridinol,[M+H]+,0.094,0.932,0.03,-44.4,2.24,RT off (-44s); near-tie (gap=0.030)
aEKJ9AS/3167,N-acetylglutamine,[M+Na]+,0.094,0.829,0.076,-41.8,1.65,RT off (-42s)
aPUDE1U/1897,5-methylorotic acid,[M-H-CO2]-,0.095,0.579,0.057,-25.6,2.03,RT off (-26s); weak spectral match (0.58)
aPUDE1U/2103,Pro-Glu,[M-H-H2O]-,0.095,0.784,0.343,70.1,2.68,RT off (+70s)
aPUDE1U/470,NP-017929,[M-H-C6H10O5]-,0.095,0.71,0.03,37.0,1.69,RT off (+37s)
aPUDE1U/1298,2-oxoheptanedioic acid,[M-H]-,0.095,0.583,0.08,-24.8,2.25,RT off (-25s); weak spectral match (0.58)
aEKJ9AS/13417,"z_similar to_1-(2-hydroxyethyl)-3-Methyl-6,7-Dihydro-5~{h}-Indazol-4-One",[M+H]+,0.096,0.714,0.36,-50.2,1.62,RT off (-50s)
aEKJ9AS/6104,3-methylpyrazole,[M+H]+,0.096,0.688,0.052,32.0,0.24,RT off (+32s); very few peaks (entropy=0.24)
aEKJ9AS/5497,N-acetyl-beta-galactosamine,[M+H-H2O]+,0.098,0.793,0.003,-36.8,3.01,RT off (-37s); near-tie (gap=0.003)
aEKJ9AS/4792,4-picoline b,[M+H]+,0.099,0.776,0.086,-37.4,2.04,RT off (-37s)
aPUDE1U/116,orotic acid,[M-H]-,0.099,0.781,0.1,-35.8,0.34,RT off (-36s); very few peaks (entropy=0.34)
aEKJ9AS/10123,trigonelline,[M+H]+,0.099,0.989,0.051,-46.6,1.78,RT off (-47s)
aEKJ9AS/9678,minoxidil,[M+H]+,0.1,0.929,0.021,56.4,2.37,RT off (+56s); near-tie (gap=0.021)
aEKJ9AS/8605,"hexahydro-oxazolo[3,4-a]pyrazin-3-one",[M+H]+,0.103,0.745,0.071,-34.3,1.8,RT off (-34s)
aPUDE1U/1623,PG 16:0_18:1,[M-H]-,0.103,0.872,0.013,44.5,1.4,RT off (+44s); near-tie (gap=0.013)
aEKJ9AS/8707,3-nonenedioic acid,[M+H]+,0.104,0.742,0.038,36.0,2.51,RT off (+36s)
aEKJ9AS/12280,dipyridamole,[M+H]+,0.105,0.821,0.013,40.4,4.45,RT off (+40s); near-tie (gap=0.013)
aPUDE1U/1391,oxoadipic acid,[M-H]-,0.105,0.565,0.008,-19.4,2.03,RT off (-19s); near-tie (gap=0.008); weak spectral match (0.57)
aEKJ9AS/994,3-dehydroxycarnitine,[M+H]+,0.106,0.854,0.029,-37.2,1.07,RT off (-37s); near-tie (gap=0.029)
aEKJ9AS/9880,pantolactone,[M+H]+,0.106,0.562,0.058,19.8,2.19,RT off (+20s); weak spectral match (0.56)
aPUDE1U/373,nonenedioic acid,[M-H]-,0.107,0.67,0.077,31.5,2.05,RT off (+32s)
aPUDE1U/882,Asn-Pro,[M-H]-,0.108,0.924,0.302,-60.5,1.64,RT off (-60s)
aPUDE1U/2894,PG 16:0_18:2,[M-H]-,0.109,0.863,0.064,45.0,1.55,RT off (+45s)
aEKJ9AS/11445,glycolithocholic acid,[M+H-H2O]+,0.113,0.596,0.022,-24.4,4.83,RT off (-24s); near-tie (gap=0.022); weak spectral match (0.60)
aPUDE1U/848,apigenin-7-O-glucoside,[M-H]-,0.115,0.89,0.06,47.2,2.15,RT off (+47s)
aPUDE1U/2241,hypotaurine,[M-H]-,0.115,1.0,0.004,-38.6,0.29,RT off (-39s); near-tie (gap=0.004); very few peaks (entropy=0.29)
aPUDE1U/1073,3-hydroxyvalproic acid,[M-H]-,0.116,0.702,0.003,33.5,0.64,RT off (+34s); near-tie (gap=0.003)
aPUDE1U/2695,4-acetamidobutanoic acid,[M-H]-,0.117,0.807,0.313,52.6,2.19,RT off (+53s)
aPUDE1U/1005,isonicotinylglycine,[M-H]-,0.118,0.87,0.074,-38.3,1.46,RT off (-38s)
aEKJ9AS/3048,5-aminovaleric acid,[M+H]+,0.118,0.818,0.057,-35.3,2.21,RT off (-35s)
aEKJ9AS/1097,dimethyl sulfoxide,[M+H]+,0.119,1.0,0.06,50.5,0.83,RT off (+50s)
aEKJ9AS/11694,5-[(aminocarbonyl)amino]pentanoic acid,[M+H]+,0.12,0.772,0.248,47.3,0.85,RT off (+47s)
aEKJ9AS/6743,kynuramine,[M+H-NH3]+,0.123,0.912,0.026,45.3,2.47,RT off (+45s); near-tie (gap=0.026)
aEKJ9AS/5982,octopine,[M+H]+,0.125,0.608,0.026,22.0,2.74,RT off (+22s); near-tie (gap=0.026)
aEKJ9AS/5413,bile acid CID 4638524  b,[M+H-2H2O]+,0.126,0.743,0.039,-29.7,4.54,RT off (-30s)
aEKJ9AS/2388,glucose 6-phosphate,Unknown,0.126,0.822,0.0,-32.7,2.5,RT off (-33s); near-tie (gap=0.000)
aEKJ9AS/3147,4-picoline,[M+H]+,0.127,0.738,0.093,-30.2,1.93,RT off (-30s)
aPUDE1U/3531,3-deoxytetronic acid,M-H,0.13,0.687,0.088,-27.3,1.1,RT off (-27s)
aPUDE1U/891,N-acetyl-glucosamine,[M+CHO2]-,0.132,0.853,0.06,-32.7,1.85,RT off (-33s)
aEKJ9AS/3009,5-hydroxy-2-(hydroxymethyl)pyridine,[M+H]+,0.133,0.794,0.077,32.3,1.47,RT off (+32s)
aEKJ9AS/823,"acylcarnitine, 3-methylglutaryl-",[M+H]+,0.137,0.648,0.046,25.9,1.9,RT off (+26s)
aPUDE1U/1764,3-hydroxyoctanoic acid,[M-H]-,0.137,0.661,0.062,26.8,1.82,RT off (+27s)
aPUDE1U/1448,fructose-6-phosphate,[M-H]-,0.139,0.637,0.0,24.6,1.03,RT off (+25s); near-tie (gap=0.000)
aPUDE1U/1379,"benzene-1,2,4-triol",[M-H]-,0.139,0.961,0.079,-35.7,1.98,RT off (-36s)
aEKJ9AS/12514,"N,N-diethylglycine_to check",[M+H]+,0.139,0.76,0.141,-31.4,0.75,RT off (-31s)
aPUDE1U/88,diethyl phosphate,[M-H]-,0.145,1.0,0.26,-41.2,0.64,RT off (-41s)
aPUDE1U/2340,PG 16:0_18:2 b,[M-H]-,0.146,0.849,0.062,35.0,1.61,RT off (+35s)
aPUDE1U/1478,N-acetyltryptophan,[2M-H]-,0.146,0.634,0.0,23.7,0.91,RT off (+24s); near-tie (gap=0.000)
aPUDE1U/1462,N-acetylvaline,[M-H]-,0.147,0.898,0.069,39.3,0.54,RT off (+39s)
aEKJ9AS/8630,salsolinol,[M+H]+,0.148,0.886,0.147,-32.9,2.25,RT off (-33s)
aPUDE1U/2208,HEPES buffer,[M-H]-,0.15,0.745,0.425,-45.0,1.62,RT off (-45s)
aPUDE1U/147,purine,[M-H]-,0.15,0.869,0.07,35.5,1.82,RT off (+36s)
aPUDE1U/3275,4-hydroxyvalproic acid,[M-H]-,0.151,0.773,0.062,28.6,1.74,RT off (+29s)
aEKJ9AS/3873,bile acid CID 3533380 b,[M+NH4]+,0.152,0.734,0.039,-25.4,3.89,RT off (-25s)
aPUDE1U/1164,3-methoxycatechol,[M-H]-,0.153,0.767,0.005,28.8,0.5,RT off (+29s); near-tie (gap=0.005)
aPUDE1U/2529,N-acetylmethionine,2M-H,0.154,0.636,0.223,29.0,2.49,RT off (+29s)
aPUDE1U/304,CoA 02:0,[M-H]-,0.154,0.891,0.072,-31.5,1.64,RT off (-32s)
aPUDE1U/537,creatinine,[M-H]-,0.154,0.454,0.216,5.8,0.4,weak spectral match (0.45); very few peaks (entropy=0.40)
aEKJ9AS/5590,LPC 16:0 b,[M+H-C19H36O3]+,0.156,0.953,0.003,39.4,1.79,RT off (+39s); near-tie (gap=0.003)
aEKJ9AS/13322,trihydroxycholestanoic acid,[M+NH4]+,0.156,0.731,0.017,25.7,3.74,RT off (+26s); near-tie (gap=0.017)
aPUDE1U/1716,4-methoxymelilotic acid,[M-H-H2O]-,0.157,0.708,0.009,26.4,2.5,RT off (+26s); near-tie (gap=0.009)
aPUDE1U/1713,sterol sulfate 29:2;O;S,[M-H]-,0.157,0.5,0.5,18.9,2.41,RT off (+19s); weak spectral match (0.50)
aPUDE1U/2502,Glutaric acid,[M-H-H2O]-,0.159,1.0,0.0,-32.4,0.0,RT off (-32s); near-tie (gap=0.000); very few peaks (entropy=0.00)
aPUDE1U/2564,N-acetyl-beta-alanine,[M-H]-,0.16,0.999,0.086,-31.4,0.73,RT off (-31s)
aEKJ9AS/4626,pipecolic acid,[M+H]+,0.16,0.884,0.027,-29.9,0.35,RT off (-30s); near-tie (gap=0.027); very few peaks (entropy=0.35)
aPUDE1U/2899,3-phosphoglyceric acid,[2M-H]-,0.16,0.783,0.028,-27.1,0.89,RT off (-27s); near-tie (gap=0.028)
aEKJ9AS/9435,4-aminobutyl-phosphonic acid,[M+H]+,0.161,0.643,0.119,25.8,1.33,RT off (+26s)
aPUDE1U/1210,DHA,[M-H]-,0.161,0.538,0.041,12.6,2.14,weak spectral match (0.54)
aPUDE1U/1175,N(6)-carboxymethyl-lysine,[M-H]-,0.163,0.565,0.011,-15.4,1.23,RT off (-15s); near-tie (gap=0.011); weak spectral match (0.56)
aPUDE1U/489,indole-3-acetate-2-sulfonate,[M-H]-,0.163,0.694,0.174,-26.8,1.46,RT off (-27s)
aEKJ9AS/888,isoquinolinediol b,[M+H]+,0.164,0.829,0.025,-28.8,1.89,RT off (-29s); near-tie (gap=0.025)
aPUDE1U/106,2-hydroxy-5-nitrobenzaldehyde,[M-H]-,0.166,0.802,0.002,29.3,1.15,RT off (+29s); near-tie (gap=0.002)
aPUDE1U/2264,N-acetyl-galactosamine,[M+Cl]-,0.167,0.682,0.364,-31.0,2.24,RT off (-31s)
aPUDE1U/975,actinoquinol,[M-H-C2H5]-,0.167,0.581,0.258,-21.6,2.0,RT off (-22s); weak spectral match (0.58)
aPUDE1U/963,octyl sulfate,[M-H]-,0.169,0.674,0.066,25.7,1.07,RT off (+26s)
aPUDE1U/2070,2-mercaptobenzothiazole,[M-H]-,0.17,1.0,0.0,31.2,0.95,RT off (+31s); near-tie (gap=0.000)
aPUDE1U/1370,N-benzoyl-glutamic acid,[M-H]-,0.17,0.936,0.405,-51.7,2.07,RT off (-52s)
aPUDE1U/451,vitamin C_b,[2M-H]-,0.171,0.8,0.161,-27.9,2.54,RT off (-28s)
aEKJ9AS/4498,"5-hepta-1,3-dienyl-cyclohexane-1,2,3-triol",[M+H-2H2O]+,0.173,0.867,0.016,30.5,3.25,RT off (+30s); near-tie (gap=0.016)
aPUDE1U/1228,3-hydroxybenzoic acid sulfate,[M-H]-,0.173,0.993,0.086,-29.9,0.82,RT off (-30s)
aPUDE1U/2207,HEPES buffer,[M-H]-,0.173,0.786,0.425,-43.4,1.48,RT off (-43s)
aEKJ9AS/9936,6-methylnicotine,[M+H-C3H7N]+,0.175,0.925,0.007,-30.6,2.87,RT off (-31s); near-tie (gap=0.007)
aEKJ9AS/2653,MOPS,[M+H]+,0.175,0.892,0.046,-29.9,1.88,RT off (-30s)
aPUDE1U/91,LPE 20:4,[M-H]-,0.177,0.503,0.053,-5.4,1.82,weak spectral match (0.50)
aEKJ9AS/7145,1-methyladenosine,[M+H-C5H8O4]+,0.18,0.977,0.152,-32.2,2.54,RT off (-32s)
aEKJ9AS/521,ethyl-2-aminocyclopentane-1-carboxylate,[M+H-C2H6O]+,0.18,0.865,0.006,-28.2,2.05,RT off (-28s); near-tie (gap=0.006)
aEKJ9AS/11849,PE P-18:0_20:4,[M+H]+,0.181,0.601,0.133,18.4,3.0,RT off (+18s)
aPUDE1U/2054,citric acid,[M-H]-,0.182,0.999,0.041,-29.6,1.36,RT off (-30s)
aPUDE1U/1820,sinapinic acid,M-H,0.184,0.943,0.091,-30.3,2.41,RT off (-30s)
aEKJ9AS/12151,DMGV isomer,[M+H]+,0.185,0.918,0.089,-30.4,1.49,RT off (-30s)
aPUDE1U/1319,p-coumaric acid ethyl ester,[M-H]-,0.186,0.512,0.06,4.0,1.02,weak spectral match (0.51)
aPUDE1U/331,NP-022519,[M-H-C32H50O10]-,0.187,0.715,0.413,-35.9,2.72,RT off (-36s)
aEKJ9AS/12231,p-hydroxybenzoylecgonine,[M+H]+,0.187,0.945,0.079,-29.8,2.26,RT off (-30s)
aPUDE1U/545,quinic acid,[2M-H]-,0.187,0.675,0.1,-20.8,1.29,RT off (-21s)
aPUDE1U/1704,glucose-6-phosphate,M-H,0.188,0.526,0.004,11.1,1.94,near-tie (gap=0.004); weak spectral match (0.53)
aEKJ9AS/4775,N-acetylglutamine,[M+H]+,0.188,0.751,0.436,-42.0,2.03,RT off (-42s)
aEKJ9AS/3875,taurocholenic acid,[M+Na]+,0.189,0.78,0.139,-26.2,1.87,RT off (-26s)
aEKJ9AS/2937,tetramethyl-piperazine,[M+H]+,0.189,0.732,0.068,-24.1,1.3,RT off (-24s)
aEKJ9AS/12621,Met-Ala,[M+H]+,0.19,0.769,0.206,29.6,2.08,RT off (+30s)
aPUDE1U/1837,N-gamma-acetyl-N-2-formyl-5-methoxy-kynurenamine,[M-H-C2H5NO]-,0.191,0.807,0.162,29.7,2.61,RT off (+30s)
aEKJ9AS/4500,tetrahydroquinolin-5-amine,[M+H-NH3]+,0.191,0.9,0.019,-28.1,1.03,RT off (-28s); near-tie (gap=0.019)
aEKJ9AS/5864,5'-methylthioadenosine sulfoxide,[M+H]+,0.191,0.836,0.135,-27.8,1.65,RT off (-28s)
aPUDE1U/1398,dihydrophaseic acid,[M-H]-,0.192,0.787,0.313,37.5,3.68,RT off (+38s)
aPUDE1U/423,N-acetyl-methionine,[M-H]-,0.192,0.801,0.007,27.9,2.4,RT off (+28s); near-tie (gap=0.007)
aEKJ9AS/12547,glycine,[M+H]+,0.192,0.773,0.265,-28.3,0.76,RT off (-28s)
aEKJ9AS/392,glycolithocholic acid,[M+H]+,0.192,0.61,0.318,-24.5,2.36,RT off (-24s)
aEKJ9AS/2993,10-aminodecanoic acid b,[M+H]+,0.193,0.608,0.176,-18.4,2.97,RT off (-18s)
aEKJ9AS/12620,Met-Ala,[M+H]+,0.193,0.79,0.26,32.6,1.97,RT off (+33s)
aPUDE1U/3303,1-methyladenosine,[M+HCOO]-,0.193,0.852,0.29,-31.7,0.63,RT off (-32s)
aEKJ9AS/13416,1-methyladenosine,[M+H]+,0.194,1.0,0.23,-32.5,0.21,RT off (-32s); very few peaks (entropy=0.21)
aPUDE1U/492,pantoyl-taurine,[M-H]-,0.194,0.885,0.269,-33.9,1.68,RT off (-34s)
aPUDE1U/1556,perfluorohexane-1-sulphonic acid,[M-H]-,0.195,0.758,0.325,34.3,1.31,RT off (+34s)
aEKJ9AS/1385,delta-hexanolactone,[M+H-H2O]+,0.196,0.811,0.009,27.9,2.02,RT off (+28s); near-tie (gap=0.009)
aPUDE1U/1054,"2,4,5-trihydroxybenzoic acid",[M-H]-,0.196,0.931,0.081,-28.6,1.96,RT off (-29s)
aPUDE1U/115,dehydroascorbic acid b,[M-H]-,0.196,0.878,0.106,29.9,2.75,RT off (+30s)
aEKJ9AS/3530,"pyrazole-4-ethanol, 1,3,5-trimethyl-",[M+H-H2O]+,0.197,0.796,0.165,28.7,2.35,RT off (+29s)
aEKJ9AS/8586,trans-3-hydroxycotinine,[M+H]+,0.199,0.896,0.133,32.9,1.96,RT off (+33s)
aEKJ9AS/1077,PC 16:0_20:5,[M+H]+,0.2,0.847,0.075,-26.7,1.1,RT off (-27s)
aEKJ9AS/8691,triethyl phosphate,[M+H]+,0.2,0.792,0.041,27.1,1.65,RT off (+27s)
aPUDE1U/1613,3-amino-5-hydroxybenzoic acid,[M-H]-,0.201,0.609,0.186,-19.4,0.94,RT off (-19s)
aPUDE1U/2245,O-phosphoethanolamine,[M-H]-,0.201,0.682,0.457,-33.9,0.37,RT off (-34s); very few peaks (entropy=0.37)
aPUDE1U/649,diisobutyl sulfosuccinate,[M-H]-,0.201,0.718,0.473,-37.4,0.29,RT off (-37s); very few peaks (entropy=0.29)
aPUDE1U/3178,cortisol 21-sulfate,[M-H]-,0.203,0.748,0.41,40.0,1.16,RT off (+40s)
aPUDE1U/861,trehalose 6-phosphate,[M-H]-,0.203,0.483,0.426,8.4,1.85,weak spectral match (0.48)
aEKJ9AS/3109,hemin,[Cat]+,0.205,0.735,0.015,21.9,2.6,RT off (+22s); near-tie (gap=0.015)
aPUDE1U/1852,deoxyuridine,[M-H]-,0.206,0.944,0.275,37.7,1.59,RT off (+38s)
aEKJ9AS/12732,1-phenylethanamine,[M+H-NH3]+,0.209,0.967,0.006,-26.9,1.6,RT off (-27s); near-tie (gap=0.006)
aEKJ9AS/9522,1-ethyl-3-piperidinamine,[M+H]+,0.209,0.857,0.013,-24.1,1.26,RT off (-24s); near-tie (gap=0.013)
aPUDE1U/2195,ascorbic acid,[M-H]-,0.209,0.706,0.176,-21.9,1.02,RT off (-22s)
aEKJ9AS/9572,4-hydroxyhippuric acid,M+H,0.211,0.995,0.002,-27.2,1.01,RT off (-27s); near-tie (gap=0.002)
aPUDE1U/1529,PG 16:0_16:0,[M-H]-,0.212,0.863,0.379,44.7,0.99,RT off (+45s)
aPUDE1U/3456,isorhamnetin,[M-H]-,0.216,0.905,0.027,28.3,2.68,RT off (+28s); near-tie (gap=0.027)
aEKJ9AS/3106,guanidinobutyric acid methyl ester,[M+H]+,0.216,0.861,0.095,28.8,1.37,RT off (+29s)
aEKJ9AS/9256,tributyl acetylcitrate,[M+H]+,0.216,0.704,0.263,26.4,3.1,RT off (+26s)
aEKJ9AS/1140,desmethylranitidine,[M+H-CH5N]+,0.217,0.804,0.021,-22.6,3.48,RT off (-23s); near-tie (gap=0.021)
aPUDE1U/855,2-hydroxy palmitic acid,[M-H]-,0.221,0.489,0.081,3.5,1.8,weak spectral match (0.49)
aPUDE1U/849,hydroxykynurenine,[M-H-NH3]-,0.221,0.65,0.035,20.5,2.04,RT off (+20s)
aEKJ9AS/1484,2-methoxypyrazine,[M+H]+,0.222,0.671,0.021,-19.8,2.35,RT off (-20s); near-tie (gap=0.021)
aPUDE1U/1230,N-acetylhexosamine,[M-H]-,0.223,0.965,0.004,-26.4,1.61,RT off (-26s); near-tie (gap=0.004)
aEKJ9AS/2976,salbutamol,[M+H]+,0.224,0.834,0.163,-24.5,2.36,RT off (-24s)
aEKJ9AS/3525,methyl tryptophanate,[M+H-NH3]+,0.225,0.921,0.222,34.4,1.76,RT off (+34s)
aEKJ9AS/3151,MG 18:1 b,[M+H-H2O]+,0.225,0.978,0.001,-25.8,2.8,RT off (-26s); near-tie (gap=0.001)
aEKJ9AS/10348,Met-Gln,[M+H]+,0.226,0.948,0.291,-34.1,2.08,RT off (-34s)
aEKJ9AS/9666,N-acetylcarnosine,[M-H+2Na]+,0.228,0.868,0.464,-45.8,2.62,RT off (-46s)
aEKJ9AS/8024,TMP,[M+H]+,0.23,0.885,0.053,-24.3,1.63,RT off (-24s)
aPUDE1U/1253,phenaceturic acid,[2M-H]-,0.233,0.928,0.213,32.2,0.39,RT off (+32s); very few peaks (entropy=0.39)
aPUDE1U/761,isoascorbic acid,[M-H]-,0.234,0.921,0.014,26.0,1.71,RT off (+26s); near-tie (gap=0.014)
aPUDE1U/1145,phosphonoacetate,[M-H]-,0.235,0.752,0.249,-24.9,0.33,RT off (-25s); very few peaks (entropy=0.33)
aPUDE1U/2753,PMeOH 16:0_18:1,[M-H]-,0.236,0.765,0.402,35.6,1.41,RT off (+36s)
aEKJ9AS/3000,2-methyladenosine a,M+H,0.238,0.948,0.075,29.6,0.79,RT off (+30s)
aEKJ9AS/2291,Trp Leu His,[M+H]+,0.239,0.758,0.114,-22.3,2.63,RT off (-22s)
aEKJ9AS/12474,(3-hydroxy-24-oxocholan-24-yl-amino)ethanesulfonic acid,[M+NH4]+,0.239,0.789,0.014,-20.8,3.12,RT off (-21s); near-tie (gap=0.014)
aEKJ9AS/11457,minocycline,[M+H]+,0.241,0.844,0.0,25.2,3.21,RT off (+25s); near-tie (gap=0.000)
aPUDE1U/372,3-methoxycatechol,[M-H-CH3]-,0.241,0.848,0.212,27.9,1.19,RT off (+28s)
aEKJ9AS/9411,imidazolyl-glycerol phosphate,[M+H-CH5O5P]+,0.243,0.868,0.027,-23.5,1.49,RT off (-24s); near-tie (gap=0.027)
aEKJ9AS/9898,6-methoxypurine a,[M+H]+,0.243,0.866,0.326,32.7,1.63,RT off (+33s)
aEKJ9AS/977,benzimidazole,[M+H]+,0.243,0.814,0.004,22.1,1.54,RT off (+22s); near-tie (gap=0.004)
aEKJ9AS/3357,epicatechin,[M+H-C8H8O4]+,0.244,0.904,0.021,25.9,2.43,RT off (+26s); near-tie (gap=0.021)
aEKJ9AS/4670,glutamine,[M+H]+,0.245,0.5,0.107,-0.9,1.88,weak spectral match (0.50)
aEKJ9AS/2682,methacrylamide,[M+H]+,0.245,0.807,0.063,-22.0,0.55,RT off (-22s)
aEKJ9AS/5265,PC 16:0_18:2,[M+H]+,0.246,0.966,0.046,29.0,0.82,RT off (+29s)
aPUDE1U/2386,erythrose-4-phosphate,[M-H]-,0.248,0.957,0.056,-25.5,0.87,RT off (-26s)
aPUDE1U/2740,"barbituric acid, 5-salicylidene-2-thio-",[M-H-H2O]-,0.249,0.647,0.197,18.4,0.74,RT off (+18s)
aEKJ9AS/6777,5-aminonicotinic acid,[M+H]+,0.249,0.716,0.086,-19.8,2.28,RT off (-20s)
aPUDE1U/291,mesaconic acid,[2M-H]-,0.25,0.719,0.491,-34.5,1.49,RT off (-34s)
aEKJ9AS/11280,famotidine,M+H,0.251,0.921,0.059,25.2,1.77,RT off (+25s)
aEKJ9AS/797,glycerol trivalerate,[M+NH4]+,0.252,0.551,0.264,-14.6,1.94,weak spectral match (0.55)
aEKJ9AS/1915,"1-methylnicotinamide, 1,4-dihydro-4-oxo-",[M+H]+,0.252,0.72,0.057,20.2,2.75,RT off (+20s)
aPUDE1U/2072,dimethyl pyrophosphate,[M+OH]-,0.253,0.873,0.233,-25.4,0.65,RT off (-25s)
aPUDE1U/1417,deoxycholic acid 3-sulfate,[M-H]-,0.253,0.765,0.155,21.8,0.28,RT off (+22s); very few peaks (entropy=0.28)
aPUDE1U/1550,tricin,[M-H]-,0.254,0.856,0.061,24.2,2.46,RT off (+24s)
aPUDE1U/1135,4-hydroxyhippuric acid,[M-H]-,0.254,0.875,0.17,-25.4,1.7,RT off (-25s)
aPUDE1U/2063,xylose,[M-H]-,0.255,0.81,0.046,-20.7,2.05,RT off (-21s)
aEKJ9AS/779,"6-hydroxy-3,4-dihydroquinolinone",[M+H]+,0.256,0.863,0.028,24.9,2.29,RT off (+25s); near-tie (gap=0.028)
aPUDE1U/1351,1H-indazol-6-ol,[M-H]-,0.26,0.616,0.019,-14.4,2.15,near-tie (gap=0.019)
aEKJ9AS/7584,2-aminophenol,[M+H-H2O]+,0.26,0.813,0.001,-21.4,0.58,RT off (-21s); near-tie (gap=0.001)
aEKJ9AS/1105,1-(4-chlorophenyl)guanidine,[M+H-NH3]+,0.262,0.815,0.019,-21.5,2.46,RT off (-22s); near-tie (gap=0.019)
aPUDE1U/64,gamma-Glu-Leu,[M-H]-,0.262,0.876,0.095,-23.6,1.9,RT off (-24s)
aPUDE1U/3065,uracil,M-H,0.262,0.778,0.358,28.9,0.68,RT off (+29s)
aEKJ9AS/11528,tyrosine,[M+H]+,0.263,0.665,0.072,-18.1,2.73,RT off (-18s)
aPUDE1U/3356,3-methylcrotonylglycine,[M-H]-,0.264,0.677,0.206,20.4,0.51,RT off (+20s)
aEKJ9AS/3111,hemin b,[Cat]+,0.264,0.745,0.033,19.1,2.58,RT off (+19s)
aEKJ9AS/6614,threonine methyl ester,[M+H]+,0.266,0.879,0.001,24.5,1.86,RT off (+24s); near-tie (gap=0.001)
aPUDE1U/3096,3-hydroxy-2-methylpropanoic acid,[M-H]-,0.268,1.0,0.003,24.0,0.13,RT off (+24s); near-tie (gap=0.003); very few peaks (entropy=0.13)
aPUDE1U/3074,ST 24:2;O3;S a,[M-H]-,0.268,0.772,0.337,29.7,0.24,RT off (+30s); very few peaks (entropy=0.24)
aEKJ9AS/10003,"7,9-dihydroxy-3-(hydroxymethyl)-1,1,6,8-tetramethyl-5-oxo-decahydro-9-cyclopropa[3,4]benzo[1,2-e]azulen-9a-yl acetate",[M+ACN+H]+,0.27,0.777,0.25,26.1,1.92,RT off (+26s)
aPUDE1U/1964,5-oxoproline,[M-H]-,0.27,0.58,0.001,-13.5,2.04,near-tie (gap=0.001); weak spectral match (0.58)
aEKJ9AS/13074,3-(1H-pyrazol-3-yl)pyridine,[M+H]+,0.27,0.715,0.023,-18.1,1.73,RT off (-18s); near-tie (gap=0.023)
aEKJ9AS/6531,N-butylbenzenesulfonamide,[M+H]+,0.271,0.934,0.354,36.8,1.9,RT off (+37s)
aPUDE1U/2788,umbelliferone sulfate,[M-H]-,0.273,0.718,0.105,19.6,0.98,RT off (+20s)
aPUDE1U/1410,ethanol sulfate,[M-H]-,0.274,1.0,0.003,24.8,0.27,RT off (+25s); near-tie (gap=0.003); very few peaks (entropy=0.27)
aEKJ9AS/12744,lupeol,[M+H]+,0.274,0.56,0.0,-12.2,1.42,near-tie (gap=0.000); weak spectral match (0.56)
aEKJ9AS/8677,"pentitol, 1,4-anhydro-3-deoxy-",[M+H-H2O]+,0.276,0.958,0.009,-23.4,0.99,RT off (-23s); near-tie (gap=0.009)
aPUDE1U/2181,bilirubin,[M-H]-,0.276,0.599,0.0,15.4,3.54,RT off (+15s); near-tie (gap=0.000); weak spectral match (0.60)
aEKJ9AS/3100,glycodeoxycholic acid ,M-2(H2O)+H,0.277,0.761,0.014,-18.5,2.88,RT off (-18s); near-tie (gap=0.014)
aPUDE1U/928,azelaic acid,M-H,0.277,0.711,0.018,19.4,2.11,RT off (+19s); near-tie (gap=0.018)
aEKJ9AS/3628,2-(aminomethyl)-4-chlorophenol,[M+H]+,0.278,0.65,0.167,-18.1,2.34,RT off (-18s)
aPUDE1U/144,"4,6-dinitro-o-cresol",[M-H]-,0.28,0.785,0.357,29.2,2.97,RT off (+29s)
aEKJ9AS/6603,N-acetyl-galactosamine,[M+H-2H2O]+,0.282,0.949,0.059,24.0,3.13,RT off (+24s)
aPUDE1U/1681,"2,2-dimethylsuccinic acid",[M-H-H2O]-,0.284,0.707,0.079,19.5,1.5,RT off (+20s)
aEKJ9AS/2013,triethyl citrate,[M+H]+,0.285,0.652,0.195,17.0,2.4,RT off (+17s)
aPUDE1U/2300,Glu-Val,[M-H]-,0.285,0.504,0.08,-2.4,2.44,weak spectral match (0.50)
aEKJ9AS/6694,Gln-Lys,[M+H]+,0.286,0.931,0.231,-24.9,2.1,RT off (-25s)
aEKJ9AS/11458,minocycline,[M+H]+,0.287,0.843,0.004,22.3,3.2,RT off (+22s); near-tie (gap=0.004)
aEKJ9AS/7400,Trp-Lys,[M+H]+,0.287,0.883,0.256,-24.3,3.07,RT off (-24s)
aEKJ9AS/13240,allocholic acid,[M+H-3H2O]+,0.287,0.865,0.016,-21.3,3.31,RT off (-21s); near-tie (gap=0.016)
aPUDE1U/1686,isovalerylglycine,[M-H]-,0.288,0.614,0.005,14.3,1.9,near-tie (gap=0.005)
aPUDE1U/3452,4-methyl-2-oxopentanoic acid,[M-H]-,0.291,0.839,0.0,22.0,0.18,RT off (+22s); near-tie (gap=0.000); very few peaks (entropy=0.18)
aPUDE1U/2722,gluconolactone,[M+CHO2]-,0.291,0.811,0.491,41.4,2.21,RT off (+41s)
aPUDE1U/1848,leflunomide,[M-H]-,0.291,0.814,0.0,-19.5,0.93,RT off (-20s); near-tie (gap=0.000)
aPUDE1U/452,3-phosphoglyceric acid,[M-H]-,0.291,1.0,0.0,-21.7,0.73,RT off (-22s); near-tie (gap=0.000)
aEKJ9AS/12542,2-nitroaminoimidazoline,[M+H]+,0.292,0.81,0.061,-19.3,0.85,RT off (-19s)
aEKJ9AS/2688,N-acetylhistidine,[M+H]+,0.292,0.873,0.405,-31.9,1.95,RT off (-32s)
aEKJ9AS/9338,tranexamic acid,[M+H]+,0.292,0.901,0.154,-23.3,1.16,RT off (-23s)
aPUDE1U/3451,4-(cyclohexyloxy)-4-oxobutanoic acid,[M-H]-,0.292,0.6,0.148,14.8,1.1,combined weak evidence
aPUDE1U/2654,mannose 1-phosphate,[M-H-H2O]-,0.292,0.844,0.033,20.5,0.84,RT off (+20s)
aPUDE1U/3538,N-acetyl-glucosamine,[M+Cl]-,0.293,0.742,0.382,-25.1,2.12,RT off (-25s)
aPUDE1U/1783,methylmalonic acid,M-H,0.293,0.993,0.152,26.9,0.85,RT off (+27s)
aEKJ9AS/8542,N-(3-aminopropyl)morpholine,[M+H]+,0.293,0.792,0.178,22.0,1.03,RT off (+22s)
aPUDE1U/2602,PC 16:0_18:1,[M+CHO2]-,0.293,0.926,0.001,22.4,1.3,RT off (+22s); near-tie (gap=0.001)
aEKJ9AS/10059,PE P-18:0_20:4 b,[M+H]+,0.294,0.76,0.094,-18.3,3.22,RT off (-18s)
aPUDE1U/819,PE 18:0_20:4,[M-H]-,0.294,0.761,0.042,19.0,2.03,RT off (+19s)
aEKJ9AS/12121,2-[2-(dimethylamino)ethoxy]ethanol,[M+H]+,0.294,0.768,0.079,-18.4,0.25,RT off (-18s); very few peaks (entropy=0.25)
aPUDE1U/1262,N-benzoyl-alanine,M-H,0.294,0.735,0.058,18.6,0.93,RT off (+19s)
aEKJ9AS/8455,"1,24-dihydroxyvitamin D3",[M+H-H2O]+,0.296,0.799,0.02,-19.6,4.08,RT off (-20s); near-tie (gap=0.020)
aPUDE1U/1906,hydroxycitric acid lactone,[M-H]-,0.296,0.899,0.054,-21.9,1.59,RT off (-22s)
aEKJ9AS/547,N-hydroxymethyl-3-methylpyrazole,[M+H]+,0.296,0.794,0.029,19.0,0.89,RT off (+19s); near-tie (gap=0.029)
aEKJ9AS/4898,5-(methylamino)pentanoic acid,[M+H]+,0.296,0.935,0.405,-35.1,2.02,RT off (-35s)
aEKJ9AS/9463,ureidopropionate,[M+H]+,0.297,0.847,0.267,26.1,1.97,RT off (+26s)
aEKJ9AS/3483,"2-fluorophenyl-3-(indol-3-ylmethyl)-1-methyl-1,4-benzodiazepin-2-one",[M+H-C14H13FN2]+,0.297,0.921,0.008,-21.6,0.89,RT off (-22s); near-tie (gap=0.008)
aEKJ9AS/12734,DG 18:2_18:1,[M+H-H2O]+,0.298,0.955,0.006,23.2,3.02,RT off (+23s); near-tie (gap=0.006)
aEKJ9AS/8030,2-hydroxyquinoline,[M+H]+,0.298,0.926,0.0,23.8,1.42,RT off (+24s); near-tie (gap=0.000)
aPUDE1U/2102,"2',3'-cCMP",[M-H]-,0.299,0.943,0.149,-23.3,0.54,RT off (-23s)
aEKJ9AS/8456,7-cheto-deoxycholic acid,[M+H-3H2O]+,0.299,0.741,0.048,-18.4,4.48,RT off (-18s)
aPUDE1U/831,orotic acid,[2M-2H+Na]-,0.299,0.698,0.585,-36.6,0.66,RT off (-37s)
aPUDE1U/1155,PC 18:0_20:4,[M+FA-H]-,0.299,0.53,0.192,-7.7,1.9,weak spectral match (0.53)
