excel_row,pandas_idx,wiki_id,name,adduct,identity_score,fuzzy_score,precursor_mz,rt,entropy,color,comment
16,10,aPUDE1U/1443,xanthosine,[M-H]-,1.0,1.0,283.068516379531,75.8002347458626,0.0,yellow,
17,11,aPUDE1U/5291,xanthosine,[M-H]-,0.737156689167022,0.812002062797546,283.068347609496,85.1401235125883,0.840859651565551,yellow,
18,12,aPUDE1U/5499,xanthosine,[M-H]-,0.94288158416748,0.94288158416748,283.068466753841,107.214966589366,0.469734132289886,yellow,
120,114,aPUDE1U/5371,threonic acid,[M-H]-,0.994613826274871,0.994613766670227,135.030045070879,136.105511510676,1.06108164787292,yellow,
121,115,aPUDE1U/5715,threonic acid,[M-H]-,0.923550844192504,0.923550903797149,135.030028345986,113.386464520041,1.18073070049285,yellow,
122,116,aPUDE1U/4224,threonic acid,[M-H]-,0.881741821765899,0.881741762161254,135.030014042541,126.53258050593,1.40475714206695,yellow,
130,124,aPUDE1U/2663,tetradecane-7-sulfonic acid,[M-H]-,0.999961972236633,0.99999988079071,277.184303143563,11.9253307193087,0.173123553395271,yellow,
131,125,aPUDE1U/3129,tetradecane-7-sulfonic acid,[M-H]-,0.609009802341461,0.656312525272369,277.184333661073,15.9061706169407,1.57440614700317,yellow,
132,126,aPUDE1U/5105,tetradecane-7-sulfonic acid,[M-H]-,0.999915778636932,0.999999940395355,277.184211591031,22.4359994073138,0.163285076618194,yellow,
137,131,aPUDE1U/3854,taurodeoxycholic acid,[M-H]-,0.875608921051025,0.875608921051025,498.289802649665,80.8023782777158,1.59617340564727,yellow,
138,132,aPUDE1U/439,tauroursodeoxycholic acid,[M-H]-,0.687023997306823,0.715714573860168,498.28932118093,79.3369497182299,2.13646364212036,yellow,
139,133,aPUDE1U/4750,taurodeoxycholic acid,[M-H]-,0.955977439880371,0.955977320671081,498.289690138156,92.2228978411692,1.38714361190795,yellow,
168,162,aPUDE1U/5381,succinic acid,[M-H]-,0.840818405151367,0.840818405151367,117.019853819285,59.3955158030969,1.15647876262664,yellow,
169,163,aPUDE1U/2387,succinic acid,[M-H]-,0.939358174800872,0.939358115196228,117.019425149225,68.1166809294241,0.753551006317138,yellow,
170,164,aPUDE1U/463,succinic acid,M-H,0.995885789394378,0.995885670185089,117.019318262159,75.7453376484932,0.615574955940246,yellow,
219,213,aPUDE1U/480,salicyluric acid,[M-H]-,0.943881690502166,0.943881750106811,194.046052108792,37.7106670321831,0.93651807308197,orange,
220,214,aPUDE1U/3069,salicyluric acid,[2M-H]-,0.868165254592895,0.868165254592895,389.099056338252,33.5316629447188,1.18491113185882,orange,
244,238,aPUDE1U/5171,quinic acid,[M-H]-,0.921457409858703,0.921457409858703,191.05611704532,119.758959322751,2.57870697975158,orange,
245,239,aPUDE1U/5591,quinic acid,[M-H]-,0.738446414470672,0.895107626914978,191.069767355478,119.851495869418,2.75726175308227,orange,
306,300,aPUDE1U/938,Phe-Phe a,[M-H]-,0.951586604118347,0.951586425304412,311.140172669804,79.3515616843579,2.20041012763977,yellow,
307,301,aPUDE1U/5880,Phe-Phe,[M-H]-,0.905050635337829,0.905050754547119,311.140187363733,79.5281894086408,2.36101555824279,yellow,
314,308,aPUDE1U/3234,phenylacetylglycine,[M-H]-,0.780238211154937,0.780238211154937,192.066540825401,39.7067453914635,0.16843968629837,yellow,
315,309,aPUDE1U/3152,phenylacetylglycine,[M-H]-,0.750166118144989,0.756655871868133,192.066666719335,46.7263310594695,0.436565220355987,yellow,
330,324,aPUDE1U/1422,PG 16:0_18:2,[M-H]-,0.849209189414978,0.875719547271728,745.503051324416,25.2753720228844,1.61163663864135,yellow,MSMS ok
331,325,aPUDE1U/3941,PG 16:0_18:2,[M-H]-,0.862653791904449,0.890173137187957,745.503315824869,16.8248086862404,1.55380070209503,yellow,"MSMS ok, main peak"
332,326,aPUDE1U/3096,PG 16:0_18:1,[M-H]-,0.871522545814514,0.906323909759521,747.518532934011,18.0266442306804,1.39549553394317,yellow,MSMS ok
334,328,aPUDE1U/1175,PG 16:0_16:0,[M-H]-,0.863119542598724,0.915358185768127,721.503736646545,17.9266932183426,0.99334168434143,yellow,"MSMS ok, main peak"
357,351,aPUDE1U/1165,p-cresol sulfate,M-H,0.893606007099151,0.980991721153259,187.017168375697,13.6490609107547,0.681521654129028,yellow,
358,352,aPUDE1U/4664,p-cresol sulfate,[M-H]-,0.987041115760803,0.999936819076538,187.007134958037,13.7087826351273,0.653614461421966,yellow,
402,396,aPUDE1U/921,pantothenic acid,[M-H]-,0.890620410442352,0.890620470046997,218.103270687748,45.1600949731095,1.56954371929168,yellow,both look fine but cannot be correct simultaneously
403,397,aPUDE1U/920,pantothenic acid,[M-H]-,0.89710921049118,0.89710921049118,218.110307889706,45.7234322250933,1.58849203586578,yellow,both look fine but cannot be correct simultaneously
405,399,aPUDE1U/4062,pantetheine,[M-H]-,0.85358840227127,0.853588581085205,277.122776719383,16.1693056129251,1.88155031204223,yellow,both look fine but cannot be correct simultaneously
406,400,aPUDE1U/3317,pantetheine,[M-H-C5H9NOS]-,0.661132156848907,0.724884390830993,146.082395447544,43.4182959900179,1.52042078971862,yellow,both look fine but cannot be correct simultaneously
422,416,aPUDE1U/1903,O-phosphoethanolamine,[M-H]-,0.776447236537933,0.873782217502594,140.011930543083,130.303054153684,0.199320882558822,yellow,no mz 281.031
481,475,aPUDE1U/3388,N-acetyl-glucosamine,[M+CHO2]-,0.852577805519104,0.875330984592437,266.08820464275,109.259827721601,1.85365784168243,yellow,
482,476,aPUDE1U/442,N-acetyl-galactosamine,[M+Cl]-,0.681683123111724,0.702993392944335,256.059393773357,107.628121840902,2.24392652511596,yellow,
526,520,aPUDE1U/3673,methylsuccinic acid,[M-H]-,0.609226584434509,0.788283884525299,131.035330579015,29.5398454631733,1.49667108058929,yellow,
527,521,aPUDE1U/256,glutaric acid,[M-H]-,0.812904477119445,0.888229370117187,131.035003676415,37.7949881673129,0.712674498558044,yellow,
645,639,aPUDE1U/966,lithocholylglycine,[M-H]-,0.888821125030517,0.950937211513519,432.311709106381,83.62714035999,0.464425444602966,yellow,
646,640,aPUDE1U/4117,"lithocholic acid, glycine-",[M-H]-,0.999195218086242,0.999195218086242,432.311827787223,31.6261204765738,0.395509243011474,yellow,
685,679,aPUDE1U/4792,isocitric acid,[M-H-H2O]-,0.966123640537262,0.966123640537262,173.009193398494,116.999337607211,1.53115057945251,yellow,
686,680,aPUDE1U/1301,isocitric acid,[M-H-H2O]-,0.908948242664337,0.908948242664337,173.009145631886,126.760500875933,1.47339844703674,yellow,
704,698,aPUDE1U/4370,indoxyl sulfate,[M-H]-,0.977824449539184,0.977824509143829,212.002363833001,28.8352667552318,1.09528982639312,yellow,
720,714,aPUDE1U/5062,ibuprofen-glucuronide b,[M-H]-,0.870137989521026,0.870138049125671,381.155486799622,83.6446781586574,2.62420201301574,yellow,
721,715,aPUDE1U/1287,ibuprofen-glucuronide,[M-H]-,0.938874959945678,0.938875079154968,381.155547834833,80.6670763696928,2.82318496704101,yellow,
722,716,aPUDE1U/4966,hypoxanthine_major,[M-H]-,0.949983298778533,0.949983358383178,135.031662085391,59.7535731380358,0.697730958461761,yellow,
723,717,aPUDE1U/4632,hypoxanthine,[M-H]-,0.949423551559448,0.949423551559448,135.031266996614,88.4268518430475,1.31754636764526,yellow,
724,718,aPUDE1U/3616,hypoxanthine,[M-H]-,0.9977667927742,0.997766733169555,251.078439995651,67.3934239081653,0.974925994873046,yellow,
759,753,aPUDE1U/4202,hannokinol_minor,[M+HAc-H]-,0.803582370281219,0.803582370281219,375.185145884476,22.4109704113058,1.88391637802124,yellow,
760,754,aPUDE1U/5364,hannokinol,[M+HAc-H]-,0.734931886196136,0.764988243579864,375.184753516533,15.7755077489782,1.81488800048828,yellow,
761,755,aPUDE1U/3993,hannokinol,[M+HAc-H]-,0.813938617706298,0.813938736915588,375.184786155846,31.1454832369737,1.74998521804809,yellow,
796,790,aPUDE1U/4197,glycerol-phosphate_minor,[M-H]-,1.0,1.0,171.006473178667,145.247564773722,0.209870606660842,yellow,
797,791,aPUDE1U/3025,glycerol-3-phosphate,[M-H]-,0.881012141704559,0.881013035774231,171.006421197929,125.861460847177,0.403146862983703,yellow,
798,792,aPUDE1U/5045,glycero-3-phosphate,[M-H]-,0.999999821186065,1.0,171.006359473253,132.583678924395,0.205992966890335,yellow,
799,793,aPUDE1U/4134,glycerol-2-phosphate,[2M-H]-,0.998992383480072,0.998992323875427,343.019928335144,131.705797847454,0.780725061893463,yellow,
819,813,aPUDE1U/1195,Glutaric acid,[M-H-H2O]-,1.0,1.0,113.024600648644,74.8551338394026,0.0,yellow,
820,814,aPUDE1U/5252,glutaric acid,[M-H]-,0.784034490585327,0.828915894031524,131.034976075138,44.3972320677195,1.06844127178192,yellow,
823,817,aPUDE1U/458,glutamine,M-H,0.660082340240478,0.693100094795227,145.061939015422,125.395561087764,1.96022105216979,yellow,
824,818,aPUDE1U/2885,glutamine,[M-H]-,0.639403462409973,0.695830881595611,145.061883106859,125.658320277361,1.81151318550109,yellow,
831,825,aPUDE1U/1065,glucuronic acid,[M-H]-,0.961049556732177,0.961049616336822,193.035286846404,121.853936736612,2.36698818206787,yellow,
832,826,aPUDE1U/4647,glucuronic acid,[M-H]-,0.87972617149353,0.87972605228424,193.035485467157,135.525181112126,2.74568939208984,yellow,
834,828,aPUDE1U/3252,hexose 6-phosphate,[M-H]-,0.52604728937149,0.768361210823059,259.012834205239,132.336836720993,1.93861198425292,yellow,
844,838,aPUDE1U/4328,gulonolactone,[M+OH]-,0.907967388629913,0.907967448234558,195.051009165167,125.037291918904,2.18929433822631,yellow,
845,839,aPUDE1U/2676,gulonic acid,[M-H]-,0.964813888072967,0.964813709259033,195.051054941651,129.116661945103,2.07178926467895,yellow,
846,840,aPUDE1U/3857,tetraconazole,[M+x]-,0.824354767799377,0.824354708194732,391.109408702386,127.004633278619,1.88874316215515,yellow,
847,841,aPUDE1U/773,gluconic acid,[M-H]-,0.716431081295013,0.716431021690368,195.051089047209,142.171014330861,2.29236412048339,yellow,
876,870,aPUDE1U/2699,gamma-Glu-Phe,[M-H-H2O]-,0.828262329101562,0.836152672767639,275.103825223757,86.8073254472729,1.38706684112548,yellow,
877,871,aPUDE1U/3919,gamma-Glu-Phe,[M-H]-,0.874098241329193,0.881603777408599,293.114427264155,120.352094656124,2.25336933135986,yellow,
879,873,aPUDE1U/2279,gamma-Glu-Gly,[2M-H]-,0.485475033521652,0.731734991073608,407.14209351427,130.814963719119,1.72538495063781,yellow,
880,874,aPUDE1U/674,gamma-Glu-Gly,[M-H-H2O]-,0.930126965045929,0.930126965045929,185.056786926497,140.879418005762,2.01015353202819,yellow,
886,880,aPUDE1U/4848,gallic acid,[M-H]-,0.998259723186492,0.998259663581848,169.014427939961,42.6573603390163,0.852553725242614,yellow,
889,883,aPUDE1U/2376,gallic acid,[M-H]-,0.90409904718399,0.904099106788635,169.014378898912,76.0457793669895,1.17352926731109,yellow,
894,888,aPUDE1U/1023,galacto-N-biose,[M+Cl]-,0.833037614822387,0.850081920623779,418.111998265764,117.697054915951,2.07434749603271,yellow,
895,889,aPUDE1U/4703,galacto-N-biose,[M+CHO2]-,0.839941382408142,0.839941203594207,428.141003797416,125.338041148281,2.3176052570343,yellow,
898,892,aPUDE1U/1017,galactaric acid,[M-H]-,0.933680236339569,0.933680295944213,209.030185727176,139.775701444861,2.58426737785339,yellow,
899,893,aPUDE1U/5437,galactaric acid,[M-H]-,0.983256697654724,0.983256697654724,209.030264596495,147.073018237022,2.28967857360839,yellow,
906,900,aPUDE1U/3126,GAP,[2M-H]-,0.885229647159576,0.949469566345214,338.988513232304,131.41570229315,0.987179994583129,yellow,
907,901,aPUDE1U/3103,"fructose-1,6-bisphosphate",[M-H]-,0.991057038307189,0.991057038307189,338.988676156226,155.721711796038,1.24029695987701,yellow,
910,904,aPUDE1U/4891,psicose,[2M-H]-,0.679410517215728,0.767753839492797,359.119616919517,119.097630093711,1.94449722766876,yellow,
917,911,aPUDE1U/3811,flucloxacillin,[M-H-C6H7NO3]-,0.917524874210357,0.917524993419647,311.006393948659,15.0927177157437,2.77869224548339,yellow,"good MSMS, isomer 1"
918,912,aPUDE1U/3826,flucloxacillin,[M-H-CO2]-,0.862800538539886,0.862800538539886,408.059254512505,15.0927177157437,2.6415729522705,yellow,"good MSMS, isomer 1"
939,933,aPUDE1U/5221,erythrose-4-phosphate,[M-H]-,0.696353077888488,0.803345084190368,199.001266306519,116.655812067121,1.2360394001007,yellow,MSMS clear with most abundant fragments mz 78.9 and 96.9. Alternative only acetylphosphate as HAc adduct (-21s off)
940,934,aPUDE1U/936,erythrose 4-phosphate,[M-H]-,0.957082331180572,0.998300313949585,199.00130989914,145.452765719649,0.874543368816375,yellow,MSMS clear with most abundant fragments mz 78.9 and 96.9. Acetyl-P would be -50s off
941,935,aPUDE1U/4819,erythrose 4-phosphate,[M-H]-,0.883705735206604,0.999999940395355,199.001346367107,132.217729051032,0.691780030727386,yellow,MSMS clear with most abundant fragments mz 78.9 and 96.9
963,957,aPUDE1U/3766,"dimethylarginine, symmetric",[M-H]-,0.952402353286743,0.952402293682098,201.13568892911,131.304754574777,1.15687727928161,yellow,
964,958,aPUDE1U/3393,dimethylarginine,[M-H]-,0.949423134326934,0.949423193931579,201.135939359361,133.718694635612,1.16266751289367,yellow,
970,964,aPUDE1U/1254,dihydrocaffeic acid,[M-H]-,0.983051300048828,0.983051419258117,181.050649975733,15.9562913436984,1.96973168849945,yellow,
971,965,aPUDE1U/470,dihydrocaffeic acid,[M-H]-,0.974253416061401,0.974253356456756,181.050609027378,22.7410651951963,1.7289011478424,yellow,
975,969,aPUDE1U/1898,diflunisal_minor,[M-H]-,0.917536973953247,0.917536854743957,249.036808845069,23.6973190214092,0.583310842514038,yellow,
976,970,aPUDE1U/1910,diflunisal_low abundant peak a,[M-H-CO2]-,0.880513966083526,0.880513906478881,205.04698466386,23.6973190214092,2.48434281349182,yellow,
1003,997,aPUDE1U/2527,Ala-Asp,[M-H]-,0.549937069416046,0.846488237380981,203.067483453783,137.630601532855,1.72612977027893,yellow,
1004,998,aPUDE1U/469,Ala-Asp,[M-H]-,0.97452175617218,0.97452175617218,203.067617948087,132.445969038091,1.84985828399658,yellow,
1005,999,aPUDE1U/4890,Ala-Asp a,[M-H]-,0.54471218585968,0.856838524341583,203.067333827819,130.247150245898,1.7473212480545,yellow,
1036,1030,aPUDE1U/5684,arginine,[M-H]-,0.999930739402771,0.999930620193481,173.10442017426,140.98837268858,0.22245605289936,yellow,
1039,1033,aPUDE1U/3729,arginine,[M-H]-,0.989234507083892,0.989234626293182,173.110835535981,141.404073135875,0.292787104845047,yellow,
1159,1153,aPUDE1U/4726,creatinine,[M-H]-,0.454091072082519,0.630308985710144,112.051808334415,51.1442243061363,0.399718642234802,yellow,
1160,1154,aPUDE1U/471,creatinine,[M-H]-,0.972500622272491,0.972500562667846,112.051715467306,51.0131914660329,0.88819146156311,yellow,
1176,1170,aPUDE1U/5223,dehydroascorbic acid,[M-H]-,0.813585579395294,0.813585519790649,173.009156533279,88.9986267843332,2.88971638679504,yellow,
1213,1207,aPUDE1U/482,4-pyridoxic acid,[M-H]-,0.938232779502868,0.941685140132904,182.045935215317,48.2837640788848,1.53672337532043,yellow,"MSMS ok, peak is murky"
1214,1208,aPUDE1U/686,4-pyridoxic acid b,[M-H-CO2]-,0.97460788488388,0.97460788488388,138.056473377237,25.6546458212059,1.57065117359161,yellow,
1227,1221,aPUDE1U/5615,5-acetamido-6-formamido-3-methyluracil,[M-H]-,0.89873057603836,0.898730516433715,225.062885152118,29.7847328314451,2.3222050666809,yellow,true minor satellite peak
1238,1232,aPUDE1U/4870,5-ketogluconic acid,[2M-H]-,0.768422842025756,0.846338331699371,387.077791317611,123.215232919492,2.59672403335571,yellow,
1239,1233,aPUDE1U/3330,5-methoxysalicylic acid sulfate,[M-H]-,0.812606990337371,0.91774570941925,246.991619272181,54.0897830971422,1.64720726013183,yellow,all three Bins very similar
1247,1241,aPUDE1U/5497,"5-pregnan-3,17-diol-20-one 3-sulfate",[M-H]-,0.999669909477233,1.0,413.20044724391,16.9147896434228,0.156618893146514,yellow,sharp peak
1248,1242,aPUDE1U/5568,"5-pregnan-3,17-diol-20-one 3-sulfate",[M-H]-,0.999747335910797,0.999999165534973,413.200488935024,24.0603660053878,0.163778394460678,yellow,peak group
1251,1245,aPUDE1U/4650,6-keto-PGF1Î±,[M-H]-,0.845281481742858,0.845281600952148,369.228176897218,15.7748994482677,3.08784770965576,yellow,MSMS ok
1252,1246,aPUDE1U/200,6-keto-PGF1Î±,[M-H]-,0.909377336502075,0.90937739610672,369.228233125184,23.9710148259199,3.48479914665222,yellow,MSMS ok
1267,1261,aPUDE1U/5464,5-methoxysalicylic acid sulfate,[M-H]-,0.847890555858612,0.945972263813018,246.991836159557,37.1013700094765,1.49069786071777,yellow,all three Bins very similar
1268,1262,aPUDE1U/500,5-methoxysalicylic acid sulfate,[M-H]-,0.87944084405899,0.92907166481018,246.992000182794,45.2064258652889,1.50001549720764,yellow,all three Bins very similar
1269,1263,aPUDE1U/698,4-hydroxyphenyllactic acid_broad peak,[M-H]-,0.907342791557312,0.907342791557312,181.050704085864,64.4337432500918,2.09962439537048,yellow,
1270,1264,aPUDE1U/3772,4-hydroxyphenyllactic acid,[M-H]-,0.724611163139343,0.724611163139343,181.050888607935,51.2951445098781,2.01712346076965,yellow,
1271,1265,aPUDE1U/3775,4-hydroxyphenyllactic acid,[M-H]-,0.768965125083923,0.768965125083923,181.050700878886,58.3520441523738,2.10093402862548,yellow,
